"","baseMean","log2FoldChange","lfcSE","stat","pvalue","padj","v","change"
"HAS1",38.1512885362539,2.90591251165468,0.584054975975089,4.97540921863257,6.51099432181994e-07,0.000694627975131845,6.18635268339728,"UP"
"AC022509.2",22.1827619134094,5.01115626066362,1.00799803465172,4.97139487220832,6.64729057285244e-07,0.000694627975131845,6.17735533650671,"UP"
"IL1B",5495.24073345147,3.87481305938064,0.77972817893216,4.96944084371455,6.71462518252146e-07,0.000694627975131845,6.17297822509592,"UP"
"TAP2",10.3366775788024,6.81994598669225,1.37890864600933,4.94590124329824,7.57923786791009e-07,0.000723790072464548,6.12037446275871,"UP"
"IL1A",521.057434319016,3.42890065073833,0.695031557055473,4.93344599382652,8.07913882814545e-07,0.000723790072464548,6.09263492909132,"UP"
"CSF3",530.193561940789,3.59180256873694,0.785800742801197,4.57088212456124,4.85675429625341e-06,0.0032299150625191,5.31365386697795,"UP"
"ALOX15",37.9481017315204,2.56902540442805,0.570720755022449,4.50137020919626,6.75167888857683e-06,0.00405558105110288,5.17058822103812,"UP"
"ZBED6CL",285.066098951129,1.30429054294723,0.291266657422849,4.4779946818757,7.53474781217905e-06,0.00438451684408082,5.12293127893155,"UP"
"CXCL1",3816.20777608893,2.81793011803479,0.6415837188043,4.39214717494154,1.12236677811746e-05,0.00609360637458623,4.94986519683875,"UP"
"IL23A",84.9810062007612,2.08548424270076,0.476613077115975,4.37563370128281,1.21080197550986e-05,0.00609360637458623,4.91692687913244,"UP"
"CEACAM6",23.6198292345576,6.12608967713331,1.41628118277072,4.32547558469191,1.52203126939142e-05,0.00726711391470196,4.8175764251051,"UP"
"CSF2",28.1200049666852,2.65589933936256,0.620648266848714,4.27923428006598,1.87537381520259e-05,0.00873033395322188,4.72691215209701,"UP"
"AC139495.3",46.2556515813888,4.34227512001599,1.07314569934114,4.0463052898427,5.2032365700802e-05,0.0182882596737257,4.283726428045,"UP"
"MUCL1",113.8663773403,3.85907432124611,0.954783292154607,4.04183268910954,5.30350691359856e-05,0.0182882596737257,4.27543686067,"UP"
"LAIR1",106.413057661662,1.98454437673582,0.507091421809402,3.9135830175446,9.09366163234907e-05,0.025881295810538,4.04126120956984,"UP"
"UPP1",1433.19174366785,1.07575209729242,0.281540716724232,3.82094678811987,0.000132940335820572,0.0330064265775316,3.87634322848924,"UP"
"UPB1",85.3965692046602,2.72405959272197,0.714267161222916,3.81378249009521,0.00013685592825359,0.0335315031580276,3.86373638530495,"UP"
"MMP7",46.4320817986172,3.67384302214966,0.974358155192771,3.77052627164886,0.000162903651316577,0.0379178611395747,3.78806918132151,"UP"
"ZC3H12A",1075.99435362092,1.12161598300056,0.298465387335271,3.75794323427069,0.000171315731881318,0.0391432844147472,3.7662027540483,"UP"
"WNT5B",58.8171243212192,2.84649362008735,0.758069721261368,3.75492324815586,0.000173394604620304,0.0391432844147472,3.76096442023977,"UP"
"PHF1",45.9731609377967,1.7031837945651,0.453774835218159,3.75336766690967,0.000174474657989583,0.0391432844147472,3.75826764431818,"UP"
"CXCL6",638.005167273552,2.5359498825633,0.676955184060856,3.74611191741067,0.000179596491640667,0.039344309068716,3.74570215138798,"UP"
"MARCO",341.172692380755,2.21919127632615,0.595800002723418,3.72472518660988,0.00019552810772245,0.0418497574011464,3.70879080271149,"UP"
"MSC",301.011509841644,1.69185611668911,0.454893087421177,3.71923901125949,0.000199823900105647,0.0421175027934257,3.69935256884658,"UP"
"GPR68",170.165248296277,2.15930503913325,0.585823181373107,3.68593307296592,0.000227866232835036,0.046120620887187,3.64232002751793,"UP"
"IL6",598.704513287219,2.55983821131252,0.700670699216334,3.65341124464826,0.00025877926526495,0.0507234599841961,3.58707052453258,"UP"
"IL11",380.897311043159,3.45755765520921,0.947139896639869,3.6505247719745,0.000261705066210797,0.0507626045615755,3.58218787000018,"UP"
"FSD1",60.6408329997402,1.77821811547781,0.490400678258355,3.62605150097489,0.000287787982379754,0.0546826532642184,3.5409273455458,"UP"
"ICAM1",2878.26020220181,1.1306396742091,0.314640397944817,3.59343454176344,0.00032634766148634,0.0602460365045418,3.48631949498644,"UP"
"CHORDC1",97.8420369512364,2.58501228053519,0.722406180987844,3.57833632735583,0.00034578830435771,0.0619127309177396,3.4611897000118,"UP"
"FOXD4",23.126557472499,2.48821807467969,0.709096301187482,3.50899880666817,0.000449796922924122,0.0715524772208824,3.34698351991338,"UP"
"AC022509.1",11.7232424379591,2.95534336843456,0.852511341794786,3.46663231742196,0.000527022268510058,0.0794124293893555,3.27817103395877,"UP"
"IL36G",24.7830805789508,3.62149128115913,1.04701395978931,3.45887583188278,0.000542434908076427,0.0796384085573792,3.26565236947813,"UP"
"MEI1",143.80145305717,2.10939044009814,0.609911516964129,3.45851878744273,0.000543154389495041,0.0796384085573792,3.26507670636799,"UP"
"CXCL8",44435.9360582308,1.6695712361984,0.485322786823098,3.4401253794971,0.000581444760682939,0.0814481872837905,3.23549153849378,"UP"
"FBL",199.438992803367,2.05064683830682,0.597795666795633,3.43034744513776,0.000602808831975545,0.0834034009558345,3.21982039330143,"UP"
"TMPRSS4",11.5023069382765,4.45808217486769,1.30356589521323,3.41991317143078,0.000626411263333431,0.0857676774597928,3.20314044194695,"UP"
"CXCL3",1966.72229711068,2.3112336937163,0.684684696508542,3.37561757331825,0.000736502155298048,0.0959049414951395,3.13282597790122,"UP"
"AC084871.3",102.70640989827,2.64257014378141,0.794327837982957,3.32680036808443,0.000878492845275049,0.105170358176102,3.05626177118658,"UP"
"SPHK1",1040.04293343712,1.33536520032168,0.402951686383511,3.31395858472905,0.000919851307723277,0.108408551905792,3.0362823698874,"UP"
"KCNN4",280.685125751843,1.4366469352135,0.433918731744933,3.31086636761742,0.000930076127117461,0.10888440690464,3.03148150280741,"UP"
"PTGDR2",11.4301796434527,3.40008640944074,1.02826950653304,3.30661017159267,0.000944322078828987,0.109218766645184,3.02487985612396,"UP"
"CCL24",100.846321851897,3.04293598161521,0.92197326726053,3.30046009973447,0.000965264380548767,0.11065219521886,3.01535371951852,"UP"
"C3",2541.8088291874,1.4632222678618,0.445467044438812,3.28469251795076,0.00102093722737046,0.114246231351252,2.9910009598178,"UP"
"SCYGR4",88.0901309618245,3.04376582042521,0.93601644789728,3.25182941738139,0.00114664816360924,0.122009916883244,2.94056982014863,"UP"
"MMP3",21.0551121617601,4.94561357717115,1.52597233251211,3.24095887703909,0.00119128367773316,0.123453512253194,2.92398480862272,"UP"
"IL24",1414.16008078444,2.22453476123616,0.687172698632767,3.23722808787689,0.00120696900834927,0.123453512253194,2.91830388124954,"UP"
"CXCL2",1435.36587999375,1.70057170473828,0.52630608503329,3.23114581628049,0.00123295023256388,0.123453512253194,2.90905445313589,"UP"
"CXCL13",8.12550902621613,4.54574660557927,1.40775084504046,3.22908462217875,0.00124187141865358,0.123453512253194,2.90592336797589,"UP"
"PWP2",137.411365047609,2.94073572618863,0.911844133575002,3.22504210742586,0.00125954141921469,0.123453512253194,2.89978754643453,"UP"
"AC245297.1",1011.31427339206,1.57102413418329,0.48825826011114,3.21760892242906,0.00129263935478626,0.125365819924349,2.88852262598852,"UP"
"EBI3",71.2315539100531,1.78388507124818,0.555457865300835,3.21155785647581,0.00132017384557168,0.126066447068668,2.87936887545992,"UP"
"AC093583.1",75.0302078550215,2.64029896294201,0.823891127748508,3.20466973610615,0.00135217536785645,0.127165947095227,2.86896697973067,"UP"
"LSP1",19.1311982093104,3.56397603063482,1.11429828874709,3.19840393423033,0.00138190566337964,0.128969198473149,2.85952160332365,"UP"
"ELF3",24.5455810732643,2.93432160552246,0.917630183308742,3.19771696582826,0.00138520163764726,0.128969198473149,2.85848700367993,"UP"
"STON1",387.788615445217,2.43330139154911,0.761980970737639,3.19338866060335,0.00140613550485728,0.130266911621629,2.85197282570585,"UP"
"SNORA33",23.8560053804326,1.68930215764798,0.530732454731048,3.1829637373581,0.00145775870013473,0.133063356643181,2.83631435796095,"UP"
"EHF",24.1777082119748,3.44113755779277,1.08358382427994,3.17570037563034,0.0014947525083992,0.134196177455762,2.82543070910165,"UP"
"PRSS33",27.0084802602088,1.87490469605486,0.591163825752015,3.17154841751321,0.00151628589499601,0.134196177455762,2.81921890496186,"UP"
"COTL1",4089.53099314458,1.26902194013232,0.40684937478178,3.11914437821854,0.0018137706153082,0.154025494098716,2.74141763833714,"UP"
"LINC01678",7.79009814933193,5.42011454253074,1.75505880117004,3.08828088205211,0.00201318093610974,0.167354652729015,2.69611719082285,"UP"
"COL9A3",26.3104361617637,1.76871668776862,0.576169886831043,3.06978328474719,0.00214214146595332,0.17411390465811,2.66915185196626,"UP"
"MEDAG",378.257027631609,1.584996961273,0.516734928795221,3.06733079756861,0.00215979696971496,0.17411390465811,2.6655870724957,"UP"
"S100A12",110.239314020322,2.04588508480697,0.667820895178083,3.06352361775295,0.00218746937517793,0.174545276099294,2.66005801843563,"UP"
"CA6",36.3907103844253,2.71081497599087,0.885495017109745,3.06135542675211,0.00220337369618078,0.174545276099294,2.65691183946941,"UP"
"OLR1",76.4729772318279,1.78500308653996,0.584116136536209,3.05590442531681,0.00224382767893099,0.176181316385532,2.64901049900367,"UP"
"SIGLEC8",18.4848282626326,2.57771098233171,0.846970325695685,3.04344899003921,0.00233883088755567,0.180711078660473,2.63100117932663,"UP"
"CEACAM5",9.65835751670093,5.73381202370228,1.88671477768638,3.03904548345854,0.00237329020374992,0.181119003623062,2.62464915340455,"UP"
"CD93",893.334577161556,1.23637045038852,0.409559398964301,3.0187817774786,0.00253793267583802,0.19199965023343,2.59551990269043,"UP"
"BCL11A",108.769159973237,1.3303950017586,0.443458383061714,3.00004476761341,0.00269939928335249,0.19761409852788,2.56873287174904,"UP"
"SLC22A2",5.86284961446783,4.99825943664764,1.69581679849487,2.94740530998623,0.00320452877987972,0.220190149114909,2.49423582366274,"UP"
"KCNG1",74.3569852747637,1.90555316471082,0.649895055347714,2.93209364962977,0.00336685203162817,0.228810772558205,2.47277596981906,"UP"
"RGCC",290.232788394069,1.42341785745349,0.485917381693607,2.92934130590747,0.0033968121367052,0.230007413809409,2.46892847145449,"UP"
"LPAL2",23.9788469202551,1.64123238701636,0.561278705972284,2.92409523032467,0.0034545904198314,0.23177813479676,2.46160343568528,"UP"
"TMIGD2",97.1057324595013,2.18105343220183,0.745973900256285,2.92376640986034,0.00345824154308772,0.23177813479676,2.46114467642745,"UP"
"ALOX5AP",1122.78572927492,1.62152888557981,0.556368917701971,2.91448503679426,0.00356275887609312,0.235255790892659,2.44821356926441,"UP"
"FAM118A",762.511566603754,1.27642467064907,0.438465976318344,2.9111145210554,0.00360141990021501,0.235305403375101,2.4435262399964,"UP"
"STXBP5-AS1",146.487560585492,1.49507306279059,0.515460763965562,2.9004594865546,0.00372616002667903,0.240919534224966,2.42873849747755,"UP"
"TACSTD2",52.9889732028771,3.50400402193715,1.20981321335288,2.89631819462953,0.00377569347066547,0.242438579714695,2.42300327110125,"UP"
"SIGLEC18P",15.5620901758869,2.29430847122622,0.79288391959141,2.89362467132455,0.00380823074953273,0.242626154055508,2.41927674458047,"UP"
"PMEPA1",395.877085351086,1.44178185778058,0.498580400833431,2.89177403558279,0.00383073354236182,0.242626154055508,2.41671805556234,"UP"
"TSPAN18",44.3328820465317,1.30453650710647,0.45237205493939,2.88376899691837,0.00392946884252126,0.246606051399766,2.40566615047752,"UP"
"CCDC71L",1071.86059207068,1.16229417726445,0.403579041800923,2.87996664068048,0.00397717250620413,0.247688726548586,2.40042557148127,"UP"
"POU2F2",520.144794583074,1.50346305080882,0.524371089467405,2.86717380307114,0.00414155499422459,0.254521107417347,2.38283656742598,"UP"
"PSCA",17.1885669876432,2.80636463319554,0.979564783718285,2.86490968217844,0.00417128195453953,0.254667020575346,2.37973045336633,"UP"
"HPDL",31.7153444488096,1.67126932314134,0.584435394445978,2.85963057512222,0.00424134770538594,0.257257770755673,2.37249612264981,"UP"
"OLIG1",73.1260967370242,2.17274957480707,0.760384868019702,2.85743399979229,0.00427081442353451,0.257368399290085,2.36948929923249,"UP"
"OTOA",41.6139708172272,2.94055581632926,1.03435733989004,2.8428819547429,0.0044707625703165,0.264285935942424,2.34961839368361,"UP"
"GMPR2",112.876763636194,1.73872355831253,0.612324052575299,2.83954803179761,0.00451774931599401,0.265378580483042,2.34507787118037,"UP"
"TEPP",6.29605783605614,3.53344968136951,1.25215867185649,2.82188652347926,0.00477420670297026,0.275233755467521,2.32109878180685,"UP"
"PI3",9284.13788884347,1.9308208007916,0.684624863780856,2.82026099684519,0.00479846037326001,0.275265372773216,2.31889808734465,"UP"
"LCN2",120.701711718465,5.73734586494028,2.03461405427344,2.81986937664651,0.00480432018427018,0.275265372773216,2.31836805671709,"UP"
"PIGR",23.6033069649263,3.72444810115407,1.32517278387685,2.81053772494334,0.00494587903940847,0.280784187783004,2.30575650931718,"UP"
"BPI",12.8936881478341,2.44877946633339,0.87274609057173,2.80583263882536,0.00501867513679532,0.283190150673532,2.29941091566749,"UP"
"EDN1",75.2895355001351,1.86637100605029,0.665473004919943,2.80457808543987,0.0050382482227314,0.283435710439521,2.29772043963526,"UP"
"IL32",2190.01474431761,1.00982943330025,0.360525230269152,2.80099518290678,0.00509452794910104,0.285738569097019,2.29289605083287,"UP"
"ORM1",112.357087886164,2.36161194430215,0.844508648764264,2.79643310670389,0.00516701060085279,0.287349660438532,2.28676064743689,"UP"
"SLC35F3",6.50920477299102,4.21127497791609,1.50689229599167,2.79467549812158,0.00519518340159255,0.287349660438532,2.28439911626971,"UP"
"CDH1",12.4815298756592,2.85331203510883,1.02157626730261,2.79304847463106,0.00522138668027834,0.28736493772825,2.28221414304811,"UP"
"HBEGF",597.294465828896,1.30414965563335,0.467103910063637,2.79199044909661,0.00523849023360426,0.28736493772825,2.2807938614307,"UP"
"TMPRSS2",19.0304707925542,4.77151828850786,1.70981591636075,2.79066199048129,0.00526003715025367,0.28736493772825,2.27901118852816,"UP"
"MCEMP1",643.435615269348,1.77238774736358,0.63514703927487,2.79051564089327,0.00526241575454235,0.28736493772825,2.27881484367509,"UP"
"SLC7A7",1025.48529984175,1.68548635867202,0.604598014147216,2.78778017663421,0.00530705414138462,0.288298612504893,2.27514648177242,"UP"
"AC018552.2",12.7745538236238,2.43342566626557,0.873312402773475,2.78643204715457,0.00532917901017287,0.288298612504893,2.27333969131387,"UP"
"DGCR11",24.3885833224513,1.53480161309863,0.552717822202479,2.7768267123769,0.0054892436085543,0.291710167920001,2.26048749512415,"UP"
"S100A9",6877.15650992605,1.81384566625558,0.653556726850957,2.77534541644956,0.00551431067653941,0.291710167920001,2.25850876936811,"UP"
"AC008555.4",29.4321947715451,1.78284954013203,0.645169963613575,2.76337963743128,0.00572061866431279,0.298385546633525,2.24255700128247,"UP"
"PTGS2",719.793105090617,1.8242582062356,0.662613040144839,2.75312753554751,0.0059028895908634,0.304837605422607,2.22893533985643,"UP"
"PDE4DIP",3850.68561521549,1.02901146970951,0.373920759744219,2.75195062829197,0.00592414515355787,0.304837605422607,2.22737430892583,"UP"
"YTHDC1",221.775220947262,1.26596674100528,0.461664277410613,2.74218041756631,0.00610328083297257,0.308173555569215,2.21443664619869,"UP"
"MAP3K8",939.689446104079,1.08808114419295,0.397439447833695,2.73772809952233,0.00618652012539321,0.30945637032134,2.2085535699306,"UP"
"SIGLEC10",433.607923854669,2.10714036745875,0.771782289102824,2.73022638276429,0.00632908472477573,0.313308499565227,2.19865909057031,"UP"
"KLF2",889.790965232474,1.56490635687616,0.573699584433938,2.72774532061103,0.0063768820866345,0.313308499565227,2.19539161337144,"UP"
"S1PR4",265.054581650566,1.82798542401763,0.672844766077331,2.71680113479183,0.00659162004713617,0.318011988237322,2.18100783410642,"UP"
"LINC00565",25.1509521564795,2.12498194249588,0.784334448293887,2.70928039322794,0.00674293274890845,0.321949104403652,2.17115117176687,"UP"
"NCF1B",498.380704835728,1.70402476714882,0.631875959396734,2.69677100672684,0.0070015399621851,0.329231504130931,2.15480642805371,"UP"
"AP001063.1",11.2118168379933,2.91184050156548,1.08047914486185,2.69495298952557,0.00703985625824879,0.329369757248368,2.15243620831338,"UP"
"LINC02273",41.2811476826789,2.23641424775485,0.832619605795404,2.68599758183498,0.00723136121711217,0.335393446617074,2.14077994427715,"UP"
"CSRP2",151.312610313631,1.01975100045667,0.379813225564654,2.68487491171654,0.00725569559837448,0.335393446617074,2.13932094572736,"UP"
"SYNGAP1",31.5789507329664,1.67204790392545,0.624610096758796,2.67694664655916,0.00742964649748705,0.341598635628904,2.12903184947536,"UP"
"PRDM8",84.7781921727049,1.2886355038118,0.482139451841247,2.67274436657407,0.0075233557044671,0.344548857098462,2.12358840424019,"UP"
"KRT7",98.2467089815403,3.09650331888748,1.16476318439696,2.65848316667964,0.00784932716846731,0.353049085033889,2.10516756867453,"UP"
"NCF1",1121.83938311414,1.8134269100387,0.682450508944951,2.65722845286204,0.00787860331532834,0.353207753838001,2.10355076553176,"UP"
"AC022816.1",6.31632618631631,4.17162237356631,1.57326865910921,2.65156389496013,0.00801199520525855,0.356917135686889,2.09625931927991,"UP"
"AL390719.1",114.522407817342,1.28684293118839,0.486246196697971,2.64648431170704,0.00813332777273018,0.359740371629475,2.0897317252998,"UP"
"ARAP3",398.325125371031,1.15715708076502,0.440017414309633,2.62979837418605,0.00854355223973552,0.372649492954581,2.06836152072139,"UP"
"RNF144B",287.081866684518,1.48933053542296,0.566343447176802,2.62973032149875,0.00854526252572933,0.372649492954581,2.06827459043602,"UP"
"MYBPH",107.528818846103,2.26653932207149,0.863057101329702,2.62617539277467,0.00863503100830797,0.372999528504765,2.06373609854668,"UP"
"AC025580.2",47.5650849892524,1.33450469254506,0.508295551173551,2.62545027093776,0.00865344483722992,0.372999528504765,2.06281097045709,"UP"
"RHOV",23.5967302634439,1.8954327075751,0.723391524445985,2.62020308991971,0.00878774156748424,0.375313155339734,2.05612272342493,"UP"
"AC005842.1",15.5550042753565,1.88948573969351,0.721513217952883,2.61878187769652,0.00882443523412384,0.375552825122744,2.05431307999705,"UP"
"LEF1",451.628405619149,1.67707258000916,0.640735193253651,2.61741917357933,0.00885974678904528,0.375552825122744,2.05257869004205,"UP"
"C2orf83",23.8581194896842,1.96177829642817,0.750277276356749,2.61473772197169,0.00892959962930675,0.37619473913421,2.04916801285622,"UP"
"UBE2SP1",30.0169042327185,1.60856960249922,0.615676467987543,2.6126865101035,0.00898336610849713,0.377605553738883,2.0465609007019,"UP"
"CD52",557.591899274321,1.91425650966304,0.736212973118137,2.60013960573861,0.0093185842147569,0.386461818848526,2.03065006558863,"UP"
"IL19",11.6982808366122,2.45116507031474,0.94316148840683,2.59888163421006,0.00935280171102332,0.387018934802145,2.02905827304485,"UP"
"TNFRSF25",588.677727954542,1.65068038447207,0.640646615805841,2.57658488119188,0.00997817033473344,0.39676802680657,2.00094908660616,"UP"
"LYPD1",6.22726794959147,2.70946780506841,1.05295103358933,2.57321349107024,0.0100759032928028,0.397507193252714,1.99671600945535,"UP"
"SPNS3",14.4920458220924,1.84463915064035,0.718163291268782,2.56855115412738,0.010212463809333,0.400350081249663,1.99086946949843,"UP"
"PCED1B-AS1",378.309124178946,1.78401912961355,0.697897022909057,2.55627846380143,0.0105798415280924,0.405050454601755,1.9755208374039,"UP"
"LIMD2",1362.22973803914,1.40412987773009,0.550311203966956,2.5515196994143,0.0107254260652997,0.408995671066616,1.9695854465434,"UP"
"CCR7",1606.56255474082,1.83666186158835,0.721436514522041,2.54583989667497,0.0109015175149252,0.413436166283957,1.96251304311574,"UP"
"MMP23A",7.13839466356009,3.74265278353386,1.47152435655836,2.54338486947458,0.0109784229885166,0.415072294122307,1.95946004026604,"UP"
"LIF",2807.88609480082,1.50323769994574,0.59147583839312,2.5415031390456,0.0110376955071737,0.415218036442587,1.95712159082686,"UP"
"IL10",191.492909810913,1.26704218593042,0.49970731918051,2.53556859645021,0.0112264938913905,0.419776190264224,1.94975585561471,"UP"
"TCTEX1D1",28.1820480762743,2.01770966166391,0.798328837045015,2.52741673360115,0.0114905067520496,0.425377189323887,1.93966081772026,"UP"
"RBM24",7.20432512624545,2.3808845744895,0.944415024541006,2.52101513912978,0.0117016817464924,0.428346115234136,1.93175171767819,"UP"
"TNIP3",85.3686877970343,1.68658793491896,0.669381190561379,2.5196225389968,0.0117480740434943,0.428346115234136,1.93003332495315,"UP"
"HAGHL",208.562795446321,1.5491365198715,0.615148496871714,2.51831310285159,0.0117918446053573,0.428346115234136,1.92841825264314,"UP"
"CRYBG2",10.9480071052496,2.17848657956852,0.86545602477657,2.51715456037287,0.0118306917715827,0.428346115234136,1.92698986029199,"UP"
"TMSB4XP8",517.650403909409,1.14786037891639,0.456225474359929,2.51599361155096,0.0118697334315961,0.428346115234136,1.92555903424564,"UP"
"AC020659.1",77.3663758835164,1.65549064287736,0.657986943505195,2.51599315034781,0.0118697489641165,0.428346115234136,1.92555846593604,"UP"
"DEPDC7",17.8884302111531,1.50819205267458,0.602105647875696,2.50486282265524,0.0122498893286232,0.437821860246243,1.91186783490642,"UP"
"AC018695.9",6.06481515431686,3.02693467624256,1.20899320934286,2.50368211570669,0.0122908407819772,0.438443958239842,1.9104184072288,"UP"
"LINC00996",73.3735981485342,1.21402492030542,0.485635867368608,2.4998666735296,0.0124240054034543,0.439999369735508,1.9057383683959,"UP"
"EVPL",13.6145873945604,2.54351692980828,1.01966759777327,2.49445695377862,0.0126150026550614,0.442088872270874,1.89911265374106,"UP"
"LINC01550",28.0343890290816,1.72724627333916,0.69255423931442,2.49402310358971,0.0126304323101931,0.442088872270874,1.89858178430467,"UP"
"STAG3L5P-PVRIG2P-PILRB",8.49397533564781,2.23291092396107,0.896140025455548,2.4916986860686,0.0127133838731663,0.443269269275668,1.89573883954452,"UP"
"DTX2",213.872576867717,1.49004605300762,0.59815280732898,2.49107926060122,0.0127355705419947,0.443269269275668,1.89498159426616,"UP"
"FAM229A",147.989450592727,1.09144217666712,0.438747375613698,2.48763237646827,0.0128596585401514,0.443779813909155,1.89077056299009,"UP"
"TSSK6",32.300628798293,1.23889786166817,0.49817802162766,2.48685772531757,0.0128876928077675,0.443779813909155,1.88982482434873,"UP"
"NLRP12",97.8903494517193,1.39818906596202,0.562648601431569,2.48501295907349,0.0129546718635685,0.443779813909155,1.88757358303681,"UP"
"AC097634.1",6.39611945236667,2.4372225358974,0.980821648253475,2.48487840805441,0.0129595691172619,0.443779813909155,1.88740943774832,"UP"
"TRAF1",1037.87135633839,1.31157768568566,0.528444492188011,2.48195923143244,0.0130662223591289,0.443981254748024,1.88384995532109,"UP"
"NCF1C",796.473455468143,1.74730584972999,0.704679979037696,2.47957356772941,0.0131539591703683,0.443981254748024,1.88094351051624,"UP"
"RABGGTA",183.414058799412,1.16878266580593,0.471465085463103,2.47904394586903,0.0131735074255352,0.443981254748024,1.88029857942277,"UP"
"MREG",152.815537816583,1.98107189937761,0.79991539893527,2.47660177815619,0.0132639801291429,0.444381265238835,1.87732613741277,"UP"
"AL645608.8",14.4531072811661,1.8290872668617,0.739214106983505,2.4743673714854,0.0133472368431333,0.444930815333858,1.87460863302497,"UP"
"ADORA2A",28.3586953389744,1.60153539841466,0.647317144319768,2.47411243849817,0.0133567652527591,0.444930815333858,1.8742987067538,"UP"
"HCK",2414.41117958752,1.63567030079248,0.662773674139208,2.46791682381899,0.0135901893995045,0.44886318009549,1.86677449068572,"UP"
"LINGO3",95.9734368034059,1.95312365836455,0.793467084683916,2.46150558235518,0.013835524464568,0.453576234251268,1.85900437336794,"UP"
"AC002480.1",15.2299839686829,2.05165344587055,0.835002878489526,2.45706152484393,0.0140078694323584,0.456813549386944,1.85362791497362,"UP"
"AC093162.2",91.6804165673759,2.07787471259071,0.846907953628456,2.45348352638365,0.0141480019564894,0.457101502462984,1.84930488879986,"UP"
"SDC1",137.237591008778,1.46170726473977,0.596020771935448,2.45244349453324,0.0141889662377697,0.457101502462984,1.84804924468253,"UP"
"SLC12A5-AS1",23.7469801797752,2.09749664886538,0.855420374045489,2.45200688749767,0.0142061942736847,0.457101502462984,1.8475222505247,"UP"
"ARID5A",899.888667656185,1.30810236310673,0.534139476501841,2.4489902369203,0.0143257331158918,0.457101502462984,1.84388314387788,"UP"
"MIR222HG",70.8823905053726,1.22086876902767,0.498695086485633,2.44812672535294,0.0143601138646355,0.457101502462984,1.84284211645954,"UP"
"GPR84",357.787495542315,1.6590834316402,0.678135185593747,2.44653789817377,0.0144235632717469,0.457101502462984,1.84092743600431,"UP"
"LYPD3",21.6133095183584,1.39093238209405,0.569294647411851,2.44325568212799,0.0145554211709247,0.45768007721166,1.83697522343972,"UP"
"PRORSD1P",35.2169391757127,1.02444065371751,0.419624186798841,2.44132889844266,0.0146333207856603,0.45768007721166,1.83465710687304,"UP"
"GPA33",61.5130065863994,1.88283251559435,0.771864463028215,2.43933048583107,0.0147145043988622,0.458959441224813,1.83225436084701,"UP"
"LIX1L-AS1",13.4976374378555,2.0477440763339,0.844160995103421,2.42577433476777,0.0152757655799857,0.463066772984018,1.81599701487713,"UP"
"AC087741.3",19.7140025236096,1.32745815173512,0.547398112912875,2.42503238579194,0.0153070211782436,0.463066772984018,1.81510931692565,"UP"
"NPPB",71.2114610160588,1.1626186989677,0.480406499579601,2.42007279248949,0.0155174004872153,0.465297124754324,1.80918103105562,"UP"
"ASTL",30.9985770988333,1.40445467281408,0.580826894352797,2.41802624236095,0.0156049513576289,0.465376617769308,1.8067375807408,"UP"
"AC005696.3",9.52600038833838,2.06830415452262,0.857265089858781,2.41267745413887,0.0158358265906823,0.468145673261044,1.8003592626108,"UP"
"MT1H",8.90483970153681,3.01179510337089,1.24839430551824,2.41253511815773,0.0158420112036797,0.468145673261044,1.80018968390729,"UP"
"VIPR1",85.8825433547863,1.68726502385547,0.700926696294609,2.40719184013829,0.0160757228271882,0.46976262967617,1.7938294903912,"UP"
"MMP2-AS1",38.2430042252733,1.93660725431757,0.804762496481941,2.4064332803573,0.0161091462528953,0.46976262967617,1.79292747556349,"UP"
"SLC22A3",138.19719775222,2.11398978330816,0.879171066478648,2.4045261086393,0.0161934494458277,0.470418443261714,1.79066063020147,"UP"
"ARMH1",71.9649896505534,1.75527359994798,0.730505521195366,2.40282044285679,0.0162691736176345,0.471882059087184,1.78863450621594,"UP"
"SPAG5-AS1",35.210471603743,1.20319983177925,0.501942811431115,2.39708549336277,0.0165260672888153,0.475712957092958,1.78183048326893,"UP"
"RPL29P11",185.892240312099,2.09917412040322,0.876716621729947,2.39435875672245,0.0166494546480281,0.475712957092958,1.77859998721658,"UP"
"SCN5A",11.5707784676352,2.00558593774464,0.838107368956351,2.39299403874957,0.0167115126050357,0.475712957092958,1.77698423913774,"UP"
"MFAP2",19.6613732394819,1.38056968143414,0.577067633083003,2.39238800148676,0.0167391360546236,0.475712957092958,1.7762669607031,"UP"
"AP005482.1",8.84497846038775,2.50182655476175,1.04588144547437,2.39207470941128,0.0167534317596109,0.475712957092958,1.775896218979,"UP"
"IL1RN",627.158705433785,1.67308617784294,0.699726609385357,2.3910569576775,0.0167999463750575,0.475712957092958,1.77469210452734,"UP"
"AC135050.3",27.7192479309886,1.43005074281576,0.598891854146134,2.38782800753677,0.0169482713041278,0.477448956057736,1.77087459252669,"UP"
"HOMER3-AS1",6.73054418369215,2.51839720791574,1.05615206699769,2.38450246570531,0.0171022333995769,0.477584520878395,1.76694717090751,"UP"
"ARHGAP22",260.720848829586,1.4381256355345,0.603303842672642,2.38375016668813,0.0171372321894614,0.477584520878395,1.76605931904695,"UP"
"CCL20",2016.81379914205,2.30913432498055,0.969105200006768,2.38274887490483,0.0171839121952916,0.477584520878395,1.76487795509121,"UP"
"AC046185.3",83.9565180554472,1.37135180869138,0.576492431042146,2.37878545293706,0.0173697824031097,0.478453265954681,1.76020562206647,"UP"
"AC010247.1",17.9402035579441,1.66594651705829,0.70037738926806,2.37864120485002,0.0173765802419544,0.478453265954681,1.76003568980812,"UP"
"MAL2",13.4306294221567,3.19330941415538,1.34409200238382,2.3758116323078,0.0175103992780712,0.478453265954681,1.75670395087338,"UP"
"KCNH4",112.641744561834,2.157264044987,0.908850270281506,2.3736187527554,0.0176147277470228,0.48023989074277,1.75412406488009,"UP"
"GIMAP5",182.158417974516,1.61532696207215,0.681136210670019,2.37151826135214,0.0177151712526024,0.480866186435437,1.75165464498473,"UP"
"DOC2GP",12.5185927142738,1.88383106493254,0.794856250581548,2.3700273647647,0.0177867687531086,0.481406135104122,1.74990294118835,"UP"
"CXCR3",58.1617159600212,1.97251361102257,0.832727003945135,2.36873981710401,0.0178488047192208,0.482384024204079,1.74839086197351,"UP"
"ESPN",29.1337498564816,2.06892084507188,0.874745788436868,2.36516811217686,0.0180218881764339,0.485652069078691,1.74419970938098,"UP"
"NPDC1",166.762401819432,1.01261363806759,0.428763885408572,2.36170459436587,0.018191131134029,0.489504411628258,1.74014029543933,"UP"
"MMP9",10429.4193063707,1.93570708987903,0.820384063312384,2.35951327730992,0.018298926031675,0.490109988667285,1.73757439836816,"UP"
"LYZ",4692.00395205012,2.24650443324927,0.952139875704752,2.35942689784571,0.0183031866277169,0.490109988667285,1.73747329199891,"UP"
"ARHGEF16",146.935074285027,2.05704879087522,0.872969026236071,2.3563823332249,0.0184539130632767,0.491602739844458,1.73391152968928,"UP"
"NOG",114.655002123945,1.52022811177035,0.645337544431749,2.3557100077123,0.0184873437609996,0.491789754533678,1.73312548325996,"UP"
"TLL1",53.753631289245,2.54215129329911,1.08256558445752,2.34826538899534,0.0188610771862002,0.493567364484379,1.72443350763986,"UP"
"MUC5B",18.246542545898,1.84573971777577,0.786224082120296,2.34760007960856,0.0188947963671781,0.493567364484379,1.72365778419616,"UP"
"SERPINA1",1062.85118529502,1.55255599040904,0.661941771341539,2.34545704414833,0.0190037682514108,0.493567364484379,1.72116027438771,"UP"
"SPTBN5",139.650883198734,1.16767001208453,0.497938390528322,2.34500900974037,0.0190266198195519,0.493567364484379,1.72063835959039,"UP"
"SIT1",63.875841082433,1.64968206634101,0.7051761546899,2.33939003094404,0.0193152570003691,0.49609572497086,1.71409950894812,"UP"
"CCDC78",55.3968266955899,1.28507490095813,0.550744324470256,2.33334206792635,0.0196301991868997,0.497862881383441,1.70707529360771,"UP"
"ADGRE5",1189.66050891028,1.18414134674354,0.50756633727409,2.33297848928089,0.0196492743257959,0.497862881383441,1.70665348407339,"UP"
"TRIM36",35.1600409015964,1.1221392131953,0.48175471383612,2.32927500441028,0.0198445016683618,0.501830490148762,1.70235980254659,"UP"
"LYSMD2",328.692607646987,1.16980047546486,0.502444433132305,2.32821860155196,0.0199004989363134,0.501830490148762,1.70113603501887,"UP"
"EDAR",21.0797482525808,1.64339016734339,0.705944908878704,2.32792976714527,0.0199158333182931,0.501830490148762,1.70080151712486,"UP"
"F2RL1",453.346207713903,1.1569492308343,0.497119653770959,2.32730535205786,0.0199490191264255,0.501987412369149,1.70007845328317,"UP"
"AC009041.2",72.9234129088293,1.86349926312127,0.801127097949142,2.32609690508755,0.0200133816263147,0.502927367427269,1.69867952317957,"UP"
"GLA",1010.55119727023,1.182327640684,0.508573205807323,2.32479341652916,0.020083009210767,0.502997724761674,1.69717121255714,"UP"
"LINC02446",20.0845988818077,1.64303973443923,0.706827283879925,2.32452788950115,0.0200972185823901,0.502997724761674,1.69686404396784,"UP"
"PPBP",4263.75220976817,2.14123915537719,0.92182335178563,2.32283023773424,0.0201882739941724,0.504598456436892,1.69490080967693,"UP"
"TRIM52-AS1",82.7213329738026,1.0780460801654,0.464470126927596,2.32102350111625,0.0202855755106458,0.506350806412513,1.69281266666056,"UP"
"FOXP3",31.6907786145731,2.34767122068725,1.01514711535474,2.31264137500589,0.0207423647193939,0.513621773191268,1.68314173367304,"UP"
"MMP1",727.908665390937,1.03283039641125,0.447092577065073,2.31010410235668,0.0208823913840885,0.514353187781894,1.68021976881897,"UP"
"LTB4R",15.1020465899406,1.9186858315833,0.830979187856618,2.3089457108213,0.0209465940000567,0.515253007760973,1.67888658497629,"UP"
"CLCF1",346.121697604372,1.20581762262714,0.523898026699217,2.30162657840937,0.021356239950004,0.521882603817617,1.670475208231,"UP"
"AC109449.1",11.047215254089,1.66613149264803,0.724339870773719,2.30020679500676,0.0214365070492501,0.522472771942522,1.66884597890558,"UP"
"C15orf48",1123.88722336276,1.41816204897786,0.618390866636051,2.29331014652987,0.021830155489711,0.52929599658061,1.66094317092929,"UP"
"AC087645.2",11.6984104687978,2.00374420941997,0.876780537038378,2.28534293905324,0.0222927270109062,0.535629509251722,1.65183680216364,"UP"
"TOR4A",428.99286852284,1.15828101761368,0.507469072701785,2.28246622291078,0.0224618294581395,0.537653718319821,1.64855487446735,"UP"
"SELL",1493.46956968494,1.35052245007029,0.591829010388779,2.28194702585316,0.0224924679969465,0.537653718319821,1.64796288877739,"UP"
"LINC01215",102.986413783856,1.2081389440079,0.529669508246059,2.28092975940511,0.0225526036331847,0.538315620889502,1.64680331284358,"UP"
"CD14",7319.73785894888,1.53549231080128,0.673934146009286,2.27840111662798,0.0227026899384223,0.538610389461919,1.64392268218124,"UP"
"AC242842.1",77.2445612884229,1.22528899173475,0.537797862009793,2.27834485461834,0.022706039188422,0.538610389461919,1.64385861693106,"UP"
"CCNE2",32.9944051162806,1.01968674098646,0.447673610547191,2.27774592239221,0.0227417199538698,0.538770441807899,1.64317669276053,"UP"
"AC009549.1",23.3456247491089,1.27580816499398,0.56036209524498,2.27675671823631,0.0228007574498422,0.539482724871043,1.64205072533188,"UP"
"TUBA4A",1914.46733356078,1.28834314270006,0.567536812464511,2.27006092715902,0.0232038866099541,0.54349631769051,1.63443926545886,"UP"
"SMPD3",76.6328996699893,1.25346870548603,0.552310639730501,2.26949947243032,0.0232379692705987,0.543610836416858,1.63380182693177,"UP"
"HHLA2",6.85692949137668,3.2032383746261,1.41251155042365,2.2677608361258,0.0233437876405185,0.544717631145482,1.631828676229,"UP"
"GIMAP1",426.51364089491,1.62868158461698,0.7187424248217,2.26601565229854,0.0234504249228388,0.545087212325791,1.62984928344049,"UP"
"P2RX5",91.3772229420351,1.52036059243737,0.671913892784369,2.262731294537,0.0236522584620392,0.546437599034284,1.6261273838576,"UP"
"S100A8",2649.53239638093,1.57846512800506,0.699432654954082,2.25677928650426,0.0240218696643205,0.551555160319744,1.61939319371507,"UP"
"AC002480.2",10.1782183684528,2.04522161356183,0.909812129815701,2.24796037174853,0.0245787169452437,0.559610049892721,1.60944079183787,"UP"
"EFHD1",10.8799593489916,1.74201834537078,0.775218635798079,2.24713166702628,0.0246316136536972,0.559610049892721,1.60850713595056,"UP"
"ARHGEF4",30.4506346509732,1.0378780585569,0.461972365968695,2.24662368360627,0.0246640872668389,0.559610049892721,1.60793495165166,"UP"
"CHI3L2",80.5346140085144,1.65973081484154,0.738813619812728,2.24648107497293,0.0246732104055595,0.559610049892721,1.60777433771308,"UP"
"CTRC",19.0556253483677,1.62992592669223,0.72785114225595,2.23936713438456,0.0251320379770286,0.562886723922455,1.59977229269311,"UP"
"VASP",2972.03715486579,1.06344606089883,0.474974754116087,2.23895281103491,0.0251589867210208,0.562886723922455,1.59930685409843,"UP"
"MXD3",155.654911677204,1.04221411775697,0.465664432832876,2.23812265716032,0.0252130575180359,0.56294046048363,1.59837448543443,"UP"
"CU633906.1",9.31197100304247,3.68535476064759,1.64753684453983,2.23688761368912,0.0252936863042055,0.564064350503726,1.59698787192453,"UP"
"SPINT1",353.148919473951,1.19106825769747,0.53264171122603,2.23615280702646,0.0253417633494005,0.564460496805246,1.59616316899993,"UP"
"TMEM204",195.876706490754,1.18173704803207,0.52925727582755,2.23282154446399,0.0255607149455762,0.565574133436693,1.59242700291676,"UP"
"CXCL5",28662.5112694146,1.65811851010135,0.742615394837173,2.23280923292051,0.0255615271637271,0.565574133436693,1.59241320297973,"UP"
"INHBB",252.199347014153,1.58023828626641,0.708623721034996,2.2300104263492,0.0257467507024352,0.567047953655975,1.58927757210023,"UP"
"MYH14",14.7489715574691,3.15305073285048,1.41395844297632,2.22994582939329,0.0257510393640665,0.567047953655975,1.58920523726477,"UP"
"WDR97",68.993476112278,1.14245940390085,0.512978085724561,2.22711151936866,0.0259398215240603,0.568277072156132,1.58603301635458,"UP"
"SLCO5A1",25.5359433787844,1.60038684961954,0.718634533951544,2.22698294335998,0.0259484137617498,0.568277072156132,1.58588918562187,"UP"
"RND1",24.5125266274663,1.52744241932374,0.686037477208774,2.22647081255432,0.0259826619089984,0.568277072156132,1.58531635775996,"UP"
"CYP1A1",22.7015307990631,2.02331795951314,0.909433085277968,2.22481234987697,0.0260938379867673,0.568603471030459,1.58346203842038,"UP"
"SPNS2",32.4605207768107,1.3002074163112,0.584601879773293,2.22409037893517,0.0261423640814558,0.568603471030459,1.58265514127321,"UP"
"CORO1A",2756.88270438569,1.49384558250153,0.672260920761411,2.22212170359328,0.0262750819026108,0.568603471030459,1.58045592154914,"UP"
"LAD1",114.765245920295,2.00772794366786,0.903587232726867,2.22195253645726,0.0262865133873456,0.568603471030459,1.58026701439017,"UP"
"AC091182.1",19.1117356675584,1.77347168695995,0.799390593813806,2.21852959077102,0.0265187442899376,0.56869893174859,1.57644704440235,"UP"
"SOCS1",200.843529414456,1.4165642089507,0.638532242157538,2.21846935115487,0.0265228470868224,0.56869893174859,1.576379858558,"UP"
"CD44",5463.6341337756,1.21533696111576,0.547938962932654,2.21801522310276,0.0265537944707633,0.56869893174859,1.57587341055362,"UP"
"AL356234.3",7.89610946396831,2.31588350083395,1.04457360915818,2.21706108648516,0.0266189174798002,0.56869893174859,1.57480961009758,"UP"
"BICDL1",535.749369493383,1.45273658301086,0.655560360790859,2.21602261195033,0.0266899535699898,0.56869893174859,1.57365218171323,"UP"
"SERPINB2",7503.99164367567,1.52087113442581,0.686420916491015,2.21565383263742,0.02671521901249,0.56869893174859,1.57324126110204,"UP"
"AC127521.1",7.70014165737653,2.06471587762568,0.932599728402776,2.21393574836423,0.0268331991518847,0.56869893174859,1.57132754606888,"UP"
"AC006504.1",7.56984666027256,1.83709584225886,0.830412368067317,2.21226936507999,0.0269480585199788,0.56869893174859,1.56947251821129,"UP"
"AL034397.3",363.288524349055,1.51099356739644,0.683833329727158,2.20959333467894,0.0271333983154082,0.56869893174859,1.56649580973257,"UP"
"GPR132",245.150387190474,1.52461224662566,0.69016603595803,2.20905139805861,0.0271710660956487,0.56869893174859,1.56589332108251,"UP"
"TBC1D10C",716.997181585455,1.35776404127896,0.614782044516553,2.20852910944506,0.0272074109208511,0.56869893174859,1.56531278406686,"UP"
"AC116353.6",25.35760341839,1.67675409905756,0.759676900936011,2.20719373853753,0.0273005270362536,0.56869893174859,1.56382896883004,"UP"
"TESPA1",283.518423274455,1.34413969642349,0.609158214450708,2.20655268949386,0.0273453253270772,0.56869893174859,1.56311690546126,"UP"
"UBASH3A",130.30003068274,1.79817066000492,0.815390039672708,2.20528896910084,0.0274338234103839,0.56869893174859,1.56171366121367,"UP"
"AC136475.3",175.136877257292,1.82202843503795,0.826225506413535,2.20524350905962,0.0274370115666611,0.56869893174859,1.56166319364996,"UP"
"BID",782.357358650486,1.05770615839006,0.480057815517391,2.20328911268759,0.0275743778474409,0.56869893174859,1.55949427763561,"UP"
"PTGIR",209.860210253508,1.78103361979484,0.808368368349304,2.20324506688916,0.027577480463604,0.56869893174859,1.55944541440155,"UP"
"TMSB4X",27512.2685364527,1.02573462682019,0.465612263026077,2.20298026549774,0.0275961396021268,0.56869893174859,1.55915166673023,"UP"
"C3orf20",8.98076561409503,1.97879305317026,0.898469991220836,2.20240305464347,0.0276368503062286,0.56869893174859,1.55851145379311,"UP"
"CCR12P",39.0271821552774,1.38046492490742,0.626846609856373,2.20223720317115,0.0276485573924625,0.56869893174859,1.55832752377475,"UP"
"IL16",675.495084656763,1.26041175315567,0.572385773274431,2.20203193721129,0.027663052581806,0.56869893174859,1.55809989775218,"UP"
"CASS4",57.5676587930061,1.55553762032405,0.707018139287556,2.20013820563575,0.0277970909402678,0.570054659029434,1.55600065209257,"UP"
"RNF157-AS1",20.9620018425551,1.6799087562372,0.764276385543668,2.19803828564217,0.0279463777451578,0.57092141825089,1.5536744749774,"UP"
"PGGHG",2107.97771744272,1.57029660139738,0.714697037170703,2.1971500086439,0.0280097345542578,0.57092141825089,1.55269100692678,"UP"
"MIR3945HG",106.209212108856,1.88829594568279,0.86050539031325,2.19440339007684,0.0282064224159828,0.572387146947095,1.54965199443758,"UP"
"GNG8",12.7382162721916,2.04050908979136,0.930738951355286,2.19235381394546,0.0283539688235809,0.572913732527868,1.54738614250149,"UP"
"THBD",930.345368829668,1.15230436463777,0.525645567281597,2.19216985048874,0.028367244583572,0.572913732527868,1.54718284680077,"UP"
"PBX4",106.355881492347,1.36718657593711,0.624607543963288,2.18887297976258,0.0286060734762488,0.575863453190517,1.54354175018589,"UP"
"TRIM73",23.6864165379765,1.22145533656614,0.558552196513154,2.18682397847731,0.0287553762975888,0.577620131647681,1.54128094477997,"UP"
"CBLN1",65.7274398236808,1.26828006858662,0.580824480497046,2.18358576673848,0.0289927003823045,0.579539925150052,1.53771133254025,"UP"
"LAMP3",434.516513549026,1.84943805703536,0.850173934619342,2.17536433631481,0.029602824830088,0.583316614985258,1.52866684469836,"UP"
"RAC2",1595.23203392364,1.08164212469156,0.498548642068761,2.16958192926413,0.0300385315659379,0.589181885106823,1.52232130164116,"UP"
"SIGLEC15",82.742543494042,2.0924009059152,0.965821314231292,2.16644722484776,0.0302770285638264,0.589594799177495,1.51888674943802,"UP"
"RAB3C",14.8399433940668,2.39811782322558,1.10718460591306,2.16596022959327,0.0303142261461772,0.589594799177495,1.51835351384612,"UP"
"SH2D3C",307.011614572172,1.3375993510554,0.618708370633285,2.16192218263718,0.0306241748477438,0.589594799177495,1.51393560430576,"UP"
"TRAV1-2",11.4502217044003,2.24031498803423,1.03662019601897,2.16117243001625,0.0306820222569518,0.589594799177495,1.51311601936153,"UP"
"AC117503.4",8.6433846055623,1.91913305969225,0.888669599770923,2.1595574555346,0.0308069449558983,0.590093616456266,1.51135136739485,"UP"
"ANKRD33B",171.950004074584,1.33685365808039,0.620116277156813,2.15581126850881,0.0310984052226859,0.592507367594765,1.5072618817367,"UP"
"CDHR3",39.5868419470243,1.2133212058754,0.56321773551214,2.15426668830326,0.0312192636636314,0.593197866000491,1.50557734440598,"UP"
"EVA1C",42.891914795421,1.03863518895248,0.482599100168846,2.15216975868604,0.0313839865229733,0.594507846433658,1.50329189137481,"UP"
"BCAP29",62.7183788106992,1.27031870975867,0.590753599586533,2.15033596180838,0.0315286497710398,0.595647185990051,1.50129462771524,"UP"
"VCAN",4152.05953795411,1.39240424426205,0.647694112096927,2.14978678709013,0.0315720838071092,0.595647185990051,1.50069675304402,"UP"
"BMP2",369.710752949978,1.69288016222554,0.787769628597311,2.1489533243873,0.0316381001207201,0.596288524643653,1.49978960393103,"UP"
"ICAM3",74.5963747017348,1.32881471506291,0.618700483158287,2.14775121603219,0.0317335243367757,0.596889467576495,1.4984816923176,"UP"
"SNHG12",505.344103201441,1.10497100782879,0.51474413649023,2.14664127184237,0.0318218515270906,0.596889467576495,1.49727455490298,"UP"
"TCF7",1335.78464330435,1.29998616029361,0.605641074135303,2.14646300558404,0.0318360572353793,0.596889467576495,1.49708072318769,"UP"
"NRGN",39.5534843782207,1.44373941904244,0.672754547391341,2.14601212974428,0.0318720109652793,0.596889467576495,1.49659053384125,"UP"
"OSM",447.671159927185,1.59994417948625,0.7459665759575,2.14479338760267,0.0319693701374857,0.596889467576495,1.49526592014086,"UP"
"LINC00659",13.9900402992624,2.22098176555155,1.03578745474241,2.14424470520729,0.032013284765714,0.596889467576495,1.49466976220593,"UP"
"CD3D",339.310309600856,1.48482414325936,0.692873708817252,2.1429939170213,0.0321135868210447,0.596889467576495,1.49331118463621,"UP"
"PNPLA7",81.2956761907078,1.09321334046493,0.5103167091917,2.14222525105339,0.0321753604973561,0.597345351765971,1.49247657849862,"UP"
"CLEC4F",7.12407356416878,4.32464155926004,2.02165374586455,2.13916036220665,0.0324226831538508,0.60014193141934,1.48915104776346,"UP"
"FGF22",10.0178405712657,2.31729439670279,1.08550135069558,2.13476878238603,0.0327799014365827,0.603505362735143,1.48439235661093,"UP"
"LCK",973.406124418929,1.34480694699751,0.630003165526896,2.13460347595681,0.0327934132870753,0.603505362735143,1.48421337764008,"UP"
"LINC01093",162.854765261302,1.87502985711572,0.879219112885079,2.13260816289921,0.0329568831385029,0.603505362735143,1.48205386796268,"UP"
"RASGRP2",983.027773464946,1.36374246712368,0.639582760145661,2.13223769010455,0.0329873114937549,0.603505362735143,1.48165307854396,"UP"
"ORM2",52.0924437076374,1.29385408651872,0.607553435654845,2.12961364480501,0.0332035236167252,0.604884379850568,1.47881582575082,"UP"
"GAL3ST4",87.6620353518884,1.19052287122984,0.560284603452183,2.12485380446733,0.0335988136352568,0.607420882235065,1.47367605715652,"UP"
"KLRC1",49.5435648865409,1.69276960550259,0.798293578339695,2.12048505892186,0.0339651602292746,0.611118480723599,1.46896633230171,"UP"
"TREML2",73.2489399462056,1.42633814104299,0.672660585708089,2.12044256992036,0.0339687398988816,0.611118480723599,1.46892056337762,"UP"
"SFN",11.0609422414739,2.47448611458324,1.1677860906095,2.11895494772655,0.0340942745514475,0.61221744110174,1.46731854591901,"UP"
"ADTRP",181.583876381306,1.83420753190174,0.866428862210748,2.1169741820715,0.034262039018105,0.614637214408606,1.46518679466996,"UP"
"LTF",54.705671383123,1.20463490851814,0.569623734662912,2.11479058054175,0.0344478000518412,0.615597394208575,1.46283850832394,"UP"
"ITGA10",41.8502924673463,1.40364692646274,0.66437787728254,2.1127237592618,0.0346244184867064,0.618160399464007,1.46061751179422,"UP"
"MMP12",16.5215217979419,2.1262955460225,1.00673789333779,2.1120646794896,0.0346809019900081,0.618198483386162,1.45990961580399,"UP"
"ANGPTL2",189.172126797423,1.18355270053904,0.560475770901591,2.11169289019428,0.0347127992448099,0.618198483386162,1.45951036335088,"UP"
"LFNG",568.249632944823,1.26521120679997,0.599430255911548,2.11068959953643,0.0347990005303154,0.618198483386162,1.45843322934084,"UP"
"CDH6",176.013910591204,1.45981882223646,0.692234596250225,2.10884984677763,0.0349575444202434,0.618198483386162,1.4564590818212,"UP"
"NKILA",19.0793112943374,1.37652273868137,0.652972014629297,2.10808841396188,0.0350233424329584,0.618198483386162,1.45564240962546,"UP"
"PPM1N",54.6802454852517,1.57190720858605,0.746567247573197,2.10551321893067,0.0352466578744804,0.620934736310974,1.45288205698417,"UP"
"AC098935.2",7.69716597901013,2.47570942069193,1.17675499036736,2.10384442042524,0.0353920205408269,0.621594992173013,1.45109464265544,"UP"
"TRIM7",21.7057593695288,1.27696692637421,0.607128367384591,2.10328983947031,0.0354404410829904,0.621594992173013,1.45050088162932,"UP"
"MROH6",19.1471537098075,1.79305751040979,0.852920131175195,2.1022572276952,0.0355307491785606,0.622406472675426,1.44939563515957,"UP"
"RFX8",47.7361923478121,1.1719624222797,0.557663286623079,2.1015592211144,0.0355919051895032,0.622891791855018,1.44864876414163,"UP"
"AC084018.2",18.8258706409707,1.48278114978742,0.70616194208898,2.09977494029348,0.0357486436750969,0.623291660930692,1.44674043094249,"UP"
"ADGRE1",198.54242308734,1.59892761651395,0.761952298512631,2.09846156988454,0.0358643912927742,0.624140962862382,1.4453365358151,"UP"
"CDK5R1",74.750333420484,1.10465083967791,0.52661877236082,2.09762905854226,0.0359379260749724,0.624836714698469,1.44444698900177,"UP"
"LTK",73.2253543478657,1.60941889162113,0.767517893692448,2.09691383725059,0.0360012033936595,0.624943365735147,1.44368298205241,"UP"
"CYP27B1",172.689852796883,1.23386088692025,0.588543873019325,2.09646373615333,0.03604107358498,0.624943365735147,1.44320228081483,"UP"
"TRBV11-2",6.35515407508124,2.42998029772025,1.15910819611085,2.09642232353594,0.0360447438268379,0.624943365735147,1.4431580566985,"UP"
"CCL17",260.353797699208,2.13651778349562,1.02059666605988,2.09340070817972,0.0363133992652288,0.626623529991975,1.43993309526137,"UP"
"CARMIL2",420.193107099657,1.28477172479736,0.61399384548689,2.09248306679451,0.0363953249505798,0.626623529991975,1.438954398729,"UP"
"KLRG1",50.6657535633905,1.47508084301195,0.705001352816963,2.09230923758939,0.0364108619006131,0.626623529991975,1.43876904053187,"UP"
"ADORA2A-AS1",21.1611860494173,1.27848122166104,0.612185480468508,2.08838867050982,0.0367627886360682,0.628150053706815,1.43459155269067,"UP"
"ACSL6",59.1285022001227,1.62199630476502,0.77682868590947,2.08797169078028,0.0368003884104046,0.628150053706815,1.43414759753286,"UP"
"IER5",1614.27934913249,1.20515995246632,0.577200214706687,2.08794092891795,0.0368031635569591,0.628150053706815,1.43411484827543,"UP"
"CNNM3-DT",7.51905412219398,2.72288901456179,1.30442365438915,2.08742689186887,0.0368495632095642,0.62836604077408,1.43356765561498,"UP"
"ITM2A",156.881377614514,1.17317032026294,0.562173159302119,2.08684868861279,0.0369018143688224,0.62854039351004,1.43295228015541,"UP"
"TGFA",239.929380354691,1.28012590847846,0.614214460407537,2.08416764989396,0.0371449202488053,0.629504523188441,1.43010056975682,"UP"
"B4GALNT4",19.5398294432979,1.79095081816788,0.861188695042089,2.07962648427515,0.0375598058472024,0.632369931899418,1.42527666133954,"UP"
"AC110741.1",31.6976407829686,2.05498182360794,0.989145890835225,2.07753157815045,0.0377525238282532,0.633472299659398,1.42305400964949,"UP"
"ANKRD1",2928.0579148506,1.41257970703361,0.679963121916241,2.07743576306424,0.037761358284836,0.633472299659398,1.42295239241953,"UP"
"AC055839.2",133.136587664307,1.22060804229572,0.587671226571828,2.07702536232056,0.037799218444813,0.633501677528904,1.42251717975574,"UP"
"TRAC",849.040222462901,1.38830432284971,0.668711160118964,2.07608965671027,0.0378856596203592,0.633844445454366,1.42152514692615,"UP"
"CHRDL2",130.141353768298,1.83283182888334,0.883269362248018,2.07505423285439,0.0379815087597365,0.634095155425286,1.42042778754493,"UP"
"HOXB6",6.30292949635451,2.38974447850732,1.15165614300705,2.07505034642331,0.0379818689146298,0.634095155425286,1.4204236694215,"UP"
"CTSK",603.951268960194,1.8761216313175,0.904464030122912,2.07429103738105,0.0380522896919249,0.634352449734408,1.4196192056306,"UP"
"CA12",414.655006550234,1.31040961999346,0.632781095768468,2.07087352760129,0.0383706166493368,0.636729596722611,1.4160012212538,"UP"
"MIR6753",8.78487420040391,2.1060921653285,1.01753309810084,2.06980212167977,0.0384708786193619,0.636729596722611,1.41486789492055,"UP"
"RFLNA",159.563940357277,1.39135013272658,0.67235238655364,2.06937635762461,0.0385107833226327,0.636729596722611,1.41441764758768,"UP"
"AL354743.2",7.01741579928966,1.90397307571696,0.920356481721498,2.06873435840386,0.0385710211644437,0.636729596722611,1.41373886307297,"UP"
"IL2RA",157.682990113163,1.4352684942554,0.694350483552901,2.06706631341469,0.0387279057924939,0.637999103263466,1.41197598680824,"UP"
"SHISAL2A",55.8989136958208,1.26959897739941,0.614581662898701,2.06579378143384,0.0388479555350216,0.637999103263466,1.41063183202966,"UP"
"NKD1",45.1455885933704,1.74198992395479,0.843300109107764,2.06568208060339,0.0388585083873887,0.637999103263466,1.41051387413148,"UP"
"CD7",404.089059669424,1.48940757476181,0.721470362041215,2.06440576512099,0.0389792603256017,0.638937329685766,1.40916640635635,"UP"
"SRSF9P1",9.29713770755998,2.38492433671223,1.15821182925852,2.05914348003081,0.0394804956701318,0.64375333614144,1.40361740348336,"UP"
"WNT4",27.9832245155306,1.0876716097169,0.528403302609543,2.05841183116266,0.0395506169780579,0.643769264640223,1.40284673724656,"UP"
"GZMK",59.2809634359587,1.77913656279434,0.865096075783109,2.05657685036175,0.0397269469213036,0.644134693303349,1.40091480987994,"UP"
"TRAV8-3",15.5864935320913,1.69737394320642,0.825563078497336,2.05601968815748,0.0397806185112965,0.644134693303349,1.40032846872403,"UP"
"TRAV8-2",16.555727599706,1.57003478702588,0.763876664902668,2.05535115701686,0.0398450994984408,0.644618243058616,1.39962508434708,"UP"
"SIGLEC5",40.1773289630598,1.47097006539839,0.717221238352095,2.05092931823676,0.0402738305279181,0.649860483761146,1.39497706177519,"UP"
"AC138028.6",7.86996094114728,1.90106701136568,0.927303122550825,2.050103105591,0.0403543704148558,0.650596304324702,1.39410942390915,"UP"
"MMP25",160.767965515157,1.37972349085504,0.674788947168483,2.04467411128261,0.0408869975900338,0.657475632231451,1.38841477934428,"UP"
"INA",34.7949517104362,1.11639178530135,0.54631159214631,2.04350740740345,0.0410022348537975,0.657624991569821,1.38719247112855,"UP"
"CD8B",199.973506975163,1.44351853823353,0.707031236136073,2.04166161897226,0.0411851084439708,0.658918781241165,1.38525978614367,"UP"
"AC104530.1",112.694126053131,1.70458858004466,0.835064611292678,2.04126549849354,0.0412244444522828,0.658918781241165,1.38484518827128,"UP"
"NUAK2",162.803792535457,1.25605024869378,0.615489343702449,2.0407343547787,0.0412772386328626,0.659196792952431,1.38428936386687,"UP"
"ABCA13",47.0246964730227,1.07894202396006,0.529630849947623,2.03715856821173,0.0416341542697724,0.662623578339686,1.38055025290316,"UP"
"PKIB",9.91808243287165,1.56906048614616,0.770806480180872,2.03560884150581,0.0417896492642361,0.663397322207451,1.37893127382517,"UP"
"GNA15",496.463111800203,1.47606814541729,0.725838176509816,2.03360500065586,0.0419914372465809,0.663771267375708,1.37683926045191,"UP"
"TREM1",556.540320538239,1.04157514624341,0.512512438329852,2.0322924252095,0.042124060856196,0.664006143157723,1.37546976848306,"UP"
"SIRPG",21.3544408679547,1.35074098860152,0.665370139830088,2.03005952287918,0.0423504892809746,0.664006143157723,1.37314156784095,"UP"
"ALOX15P1",16.7456065142415,1.67270351901485,0.823972476791039,2.03004780636508,0.0423516801091554,0.664006143157723,1.3731293563448,"UP"
"PF4",25.5780573992901,1.64040561156851,0.808155176240791,2.02981513921498,0.0423753335041012,0.664006143157723,1.37288687077303,"UP"
"GTF2H2",14.9102419796597,2.84197927159523,1.4001246826612,2.02980442155588,0.0423764233513412,0.664006143157723,1.37287570133749,"UP"
"B3GNT3",8.36239821671635,2.6019012677002,1.28196372026161,2.02962160830045,0.0423950167454074,0.664006143157723,1.37268518885916,"UP"
"IRF7",76.9700562910775,1.32650557071424,0.653819141537095,2.02885704385421,0.042472853124728,0.664610922718957,1.37188856418694,"UP"
"AC137932.2",5.89090443246888,2.03895274506296,1.00525323332114,2.02829762439729,0.0425298812886461,0.664944516772358,1.37130582950695,"UP"
"TNFAIP8L2",194.280174147608,1.51027391201051,0.745423988081024,2.02606025048707,0.042758610808464,0.66795980861108,1.36897641309888,"UP"
"AC073840.1",9.55198539457197,1.78444378576999,0.882202579992864,2.02271431328666,0.0431026103318368,0.671113627813288,1.36549642778859,"UP"
"AC103810.3",50.2239463080348,1.25977663642301,0.623153090662512,2.02161660641636,0.0432159751217436,0.671113627813288,1.36435568316802,"UP"
"LINC02362",145.762800364401,1.84969879050321,0.915104001659981,2.02129898585067,0.0432488240897882,0.671113627813288,1.36402569625139,"UP"
"DKK1",114.872032835605,1.29264050869397,0.639693660161169,2.02071802363697,0.0433089629798022,0.671487260322146,1.36342221519746,"UP"
"AC116366.2",10.0425716878014,1.47541566310931,0.730810457807386,2.01887595798222,0.0435001136564626,0.672275506919138,1.36150960832559,"UP"
"RGS10",300.296164756557,1.14395390459049,0.566921569801475,2.01783450397041,0.0436085000945258,0.672382945974965,1.3604288505399,"UP"
"ZAP70",1259.89719803443,1.24796558847794,0.618500103663518,2.01772898838004,0.0436194940517565,0.672382945974965,1.36031937616687,"UP"
"PDGFB",108.846936510385,1.18437459631248,0.587563756054112,2.0157380098908,0.0438273787624865,0.67449771773853,1.35825450294927,"UP"
"DNAAF1",19.8129538360427,1.31905069446404,0.655063733664674,2.01362192207584,0.0440492430390282,0.67449771773853,1.35606155028934,"UP"
"PDYN-AS1",6.3956856116902,2.15903044121031,1.07237306644476,2.01332027889151,0.0440809463313012,0.67449771773853,1.35574909060703,"UP"
"C16orf54",246.649927296045,1.44349879434486,0.717300838142602,2.01240360750546,0.0441774085295314,0.675023766758162,1.35479976366454,"UP"
"NLRP6",133.782174938712,1.6063444412433,0.798551188180198,2.0115735409573,0.0442649108751019,0.675023766758162,1.35394040587089,"UP"
"TNFAIP8L1",207.939233867466,1.01613608750439,0.50533733183612,2.01080748143485,0.044345795597273,0.675023766758162,1.35314754912335,"UP"
"UCP3",35.0293699596606,1.20732774187173,0.600784702194584,2.00958469392035,0.0444751625629089,0.675023766758162,1.35188245583436,"UP"
"ADGRG3",287.15643071082,1.52241910989797,0.758121100255884,2.00814765528108,0.0446276034704447,0.675023766758162,1.35039643441215,"UP"
"FXYD5",1136.29541045569,1.14100606383755,0.568309201393045,2.00772055254552,0.0446729953656936,0.675023766758162,1.34995492670482,"UP"
"PNPLA1",60.4005555197962,1.03057222600922,0.513477866712936,2.0070431323681,0.044745070528407,0.675023766758162,1.34925480303485,"UP"
"GALNT6",163.581688003708,1.42561217607224,0.710506614003867,2.00647277305216,0.0448058308207447,0.675023766758162,1.34866546527648,"UP"
"PSTPIP1",470.08778982459,1.27759925797029,0.637292252648345,2.00473056538985,0.0449918590367672,0.676731346626528,1.34686606167486,"UP"
"ITGB4",25.6846694284464,1.18952992877506,0.593956950001212,2.00272078434748,0.0452072666105709,0.678874606093098,1.34479175113499,"UP"
"ATP6V0C",272.130702840873,1.23017883515541,0.615112067943783,1.99992635369307,0.0455082169526327,0.682293484601428,1.34191018015616,"UP"
"DIRAS3",1241.83264545294,1.16646819109532,0.583519010355362,1.99902346006678,0.0456058155911499,0.682657469552093,1.34097977316664,"UP"
"AC009133.3",25.5532426531917,1.96388099324533,0.984028995271255,1.99575520912772,0.0459605743978,0.684118190137038,1.33761455230237,"UP"
"CNKSR1",19.708261919638,1.2039276409842,0.603835542052142,1.99380055849749,0.0461738545285402,0.684483049944212,1.33560386964202,"UP"
"GIMAP7",912.488829128646,1.31926825903727,0.661780734509958,1.99351263982348,0.046205340855861,0.684483049944212,1.33530782162637,"UP"
"HOXB-AS1",15.5874934299548,1.95201623327789,0.979213009235891,1.9934541462037,0.0462117398340095,0.684483049944212,1.33524768034332,"UP"
"DUSP2",404.27998651796,1.03015868021857,0.516825992089681,1.99324085085839,0.046235079850445,0.684483049944212,1.33502838798485,"UP"
"SERPINE1",45904.0153635335,1.17035061243971,0.587340697327239,1.99262645644261,0.0463023659393849,0.684826335311586,1.33439681701299,"UP"
"AC003957.1",15.1507381315915,1.66129666274085,0.834721289594074,1.99024115408479,0.0465643768693043,0.68652039721561,1.3319462044568,"UP"
"AC090772.4",14.6741373834111,1.50534440361348,0.757001712479896,1.98856142436198,0.0467496328282047,0.68816198647747,1.33022179572859,"UP"
"GATA2-AS1",8.54017108332774,2.06843157769719,1.04085659397756,1.98723973087668,0.0468958369362425,0.688782322616505,1.32886570900913,"UP"
"AC005224.3",15.6928427384428,1.24918404350519,0.62862231373114,1.98717738174255,0.0469027434121545,0.688782322616505,1.32880175400315,"UP"
"FO393415.1",6.22631636835774,2.12570580867459,1.07222955506519,1.98250999390271,0.0474221899675015,0.69113583372903,1.32401839407693,"UP"
"CCL22",2441.6508774109,1.4343885273794,0.723612406505047,1.98226082704594,0.0474500559164782,0.69113583372903,1.32376327145158,"UP"
"TRGC1",139.808588942971,1.39857380890629,0.70576025407645,1.98165566965294,0.0475177919316858,0.69113583372903,1.32314374845962,"UP"
"FXYD7",32.2298836827352,1.68130083363267,0.848538338164218,1.98140821458946,0.047545513291815,0.69113583372903,1.32289045968436,"UP"
"CCL23",6.82848820100223,3.2536491269491,1.64359886577144,1.97958832578165,0.047749805841805,0.691982536551083,1.32102838998608,"UP"
"CRIP1",31.4256089294563,1.76490371696102,0.891561296138528,1.97956520163567,0.0477524063942936,0.691982536551083,1.32100473806076,"UP"
"S100A4",867.130725850232,1.79708739402148,0.908078566673007,1.9789999015235,0.047816017351512,0.692365520297437,1.32042659957724,"UP"
"AC119396.1",55.9527841333356,1.56578522768749,0.791945416313355,1.97713781206853,0.0480260547002743,0.694326991128733,1.31852308881964,"UP"
"AC025171.4",11.1538161597194,1.81476825224663,0.918734216277664,1.97529189627804,0.0482350323446765,0.69578200892504,1.31663742591737,"UP"
"ZNF556",14.0929429704139,1.44174441306609,0.730107711839368,1.97470097861846,0.048302091819489,0.69578200892504,1.31603406084291,"UP"
"AL592429.1",15.0271109960311,2.30204620107798,1.16582895017661,1.97460030541294,0.0483135243832274,0.69578200892504,1.31593128036986,"UP"
"BATF",209.132780929503,1.59325795065988,0.807095621399334,1.97406342992855,0.0483745309624999,0.696122211014459,1.31538323285439,"UP"
"ANO9",264.947007454996,1.3953903064863,0.707078550977191,1.97345868370333,0.0484433273505554,0.69657389852872,1.31476603480319,"UP"
"IER3",17.3604368321852,1.96955495513447,0.998452568054728,1.97260743088851,0.0485403057411442,0.696892084198802,1.31389749250195,"UP"
"TULP2",11.9989532491274,1.61231523815528,0.818295652269783,1.97033337973024,0.0488001752616777,0.698445324794217,1.31157861826281,"UP"
"AC083799.1",155.91593201228,1.02626484579927,0.521027767247248,1.96969319163419,0.0488735437520469,0.698445324794217,1.31092616974692,"UP"
"IKZF1",1422.09343375806,1.25845340113775,0.639240600398112,1.96866938732301,0.0489910688584865,0.699522618608239,1.30988308525731,"UP"
"RPSAP52",79.6174116057335,1.60621836654732,0.817152111135557,1.96562958677943,0.0493414138579039,0.700294691336801,1.30678841013837,"UP"
"RASGRF2",128.230388101991,1.18271210325168,0.601767057267887,1.96539855242554,0.049368126910104,0.700294691336801,1.30655335015616,"UP"
"AC046185.2",9.21633889041656,1.5613444295223,0.79463574812757,1.96485551172516,0.0494309630779124,0.700294691336801,1.30600092797037,"UP"
"GBGT1",256.997000819953,1.21340704937666,0.61846139141042,1.96197703887295,0.0497651575484931,0.70084703569829,1.30307461668585,"UP"
"WBP1LP2",7.88837440549113,1.72355374328245,0.879320823161228,1.96009658577872,0.0499845022367182,0.701694750697599,1.30116462839162,"UP"
